skin,foreground_token,surface_token,foreground,background,ratio,minimum
atelier,text,bg,#f3efe7,#131416,16.072,4.5
atelier,text-muted,bg,#c0bcb6,#131416,9.751,4.5
atelier,text-faint,bg,#b4b1ad,#131416,8.63,4.5
atelier,status-running,bg,#a9ccff,#131416,11.207,4.5
atelier,status-success,bg,#a3d9b1,#131416,11.513,4.5
atelier,status-warning,bg,#f0cd86,#131416,12.096,4.5
atelier,status-error,bg,#f2a3aa,#131416,9.299,4.5
atelier,status-unknown,bg,#c4b4e6,#131416,9.671,4.5
atelier,status-neutral,bg,#c5cbd3,#131416,11.285,4.5
atelier,status-muted,bg,#b6b2ac,#131416,8.736,4.5
atelier,review-keeper,bg,#b9dabb,#131416,12.12,4.5
atelier,review-needs-work,bg,#ebce97,#131416,12.119,4.5
atelier,review-rejected,bg,#d8b2c3,#131416,9.721,4.5
atelier,review-unreviewed,bg,#c5cbd3,#131416,11.285,4.5
atelier,text,surface-1,#f3efe7,#1c1d21,14.683,4.5
atelier,text-muted,surface-1,#c0bcb6,#1c1d21,8.909,4.5
atelier,text-faint,surface-1,#b4b1ad,#1c1d21,7.885,4.5
atelier,status-running,surface-1,#a9ccff,#1c1d21,10.238,4.5
atelier,status-success,surface-1,#a3d9b1,#1c1d21,10.518,4.5
atelier,status-warning,surface-1,#f0cd86,#1c1d21,11.051,4.5
atelier,status-error,surface-1,#f2a3aa,#1c1d21,8.496,4.5
atelier,status-unknown,surface-1,#c4b4e6,#1c1d21,8.835,4.5
atelier,status-neutral,surface-1,#c5cbd3,#1c1d21,10.31,4.5
atelier,status-muted,surface-1,#b6b2ac,#1c1d21,7.981,4.5
atelier,review-keeper,surface-1,#b9dabb,#1c1d21,11.073,4.5
atelier,review-needs-work,surface-1,#ebce97,#1c1d21,11.072,4.5
atelier,review-rejected,surface-1,#d8b2c3,#1c1d21,8.882,4.5
atelier,review-unreviewed,surface-1,#c5cbd3,#1c1d21,10.31,4.5
atelier,text,surface-2,#f3efe7,#25262b,13.166,4.5
atelier,text-muted,surface-2,#c0bcb6,#25262b,7.988,4.5
atelier,text-faint,surface-2,#b4b1ad,#25262b,7.07,4.5
atelier,status-running,surface-2,#a9ccff,#25262b,9.18,4.5
atelier,status-success,surface-2,#a3d9b1,#25262b,9.432,4.5
atelier,status-warning,surface-2,#f0cd86,#25262b,9.909,4.5
atelier,status-error,surface-2,#f2a3aa,#25262b,7.618,4.5
atelier,status-unknown,surface-2,#c4b4e6,#25262b,7.922,4.5
atelier,status-neutral,surface-2,#c5cbd3,#25262b,9.244,4.5
atelier,status-muted,surface-2,#b6b2ac,#25262b,7.156,4.5
atelier,review-keeper,surface-2,#b9dabb,#25262b,9.929,4.5
atelier,review-needs-work,surface-2,#ebce97,#25262b,9.928,4.5
atelier,review-rejected,surface-2,#d8b2c3,#25262b,7.964,4.5
atelier,review-unreviewed,surface-2,#c5cbd3,#25262b,9.244,4.5
atelier,text,surface-3,#f3efe7,#303238,11.172,4.5
atelier,text-muted,surface-3,#c0bcb6,#303238,6.778,4.5
atelier,text-faint,surface-3,#b4b1ad,#303238,5.999,4.5
atelier,status-running,surface-3,#a9ccff,#303238,7.79,4.5
atelier,status-success,surface-3,#a3d9b1,#303238,8.003,4.5
atelier,status-warning,surface-3,#f0cd86,#303238,8.409,4.5
atelier,status-error,surface-3,#f2a3aa,#303238,6.464,4.5
atelier,status-unknown,surface-3,#c4b4e6,#303238,6.722,4.5
atelier,status-neutral,surface-3,#c5cbd3,#303238,7.844,4.5
atelier,status-muted,surface-3,#b6b2ac,#303238,6.072,4.5
atelier,review-keeper,surface-3,#b9dabb,#303238,8.425,4.5
atelier,review-needs-work,surface-3,#ebce97,#303238,8.424,4.5
atelier,review-rejected,surface-3,#d8b2c3,#303238,6.758,4.5
atelier,review-unreviewed,surface-3,#c5cbd3,#303238,7.844,4.5
arcade,text,bg,#f3efe7,#0e1220,16.262,4.5
arcade,text-muted,bg,#c0bcb6,#0e1220,9.866,4.5
arcade,text-faint,bg,#b4b1ad,#0e1220,8.732,4.5
arcade,status-running,bg,#a9ccff,#0e1220,11.339,4.5
arcade,status-success,bg,#a3d9b1,#0e1220,11.649,4.5
arcade,status-warning,bg,#f0cd86,#0e1220,12.239,4.5
arcade,status-error,bg,#f2a3aa,#0e1220,9.409,4.5
arcade,status-unknown,bg,#c4b4e6,#0e1220,9.785,4.5
arcade,status-neutral,bg,#c5cbd3,#0e1220,11.418,4.5
arcade,status-muted,bg,#b6b2ac,#0e1220,8.839,4.5
arcade,review-keeper,bg,#b9dabb,#0e1220,12.263,4.5
arcade,review-needs-work,bg,#ebce97,#0e1220,12.262,4.5
arcade,review-rejected,bg,#d8b2c3,#0e1220,9.836,4.5
arcade,review-unreviewed,bg,#c5cbd3,#0e1220,11.418,4.5
arcade,text,surface-1,#f3efe7,#171e30,14.477,4.5
arcade,text-muted,surface-1,#c0bcb6,#171e30,8.784,4.5
arcade,text-faint,surface-1,#b4b1ad,#171e30,7.774,4.5
arcade,status-running,surface-1,#a9ccff,#171e30,10.095,4.5
arcade,status-success,surface-1,#a3d9b1,#171e30,10.371,4.5
arcade,status-warning,surface-1,#f0cd86,#171e30,10.896,4.5
arcade,status-error,surface-1,#f2a3aa,#171e30,8.377,4.5
arcade,status-unknown,surface-1,#c4b4e6,#171e30,8.711,4.5
arcade,status-neutral,surface-1,#c5cbd3,#171e30,10.165,4.5
arcade,status-muted,surface-1,#b6b2ac,#171e30,7.869,4.5
arcade,review-keeper,surface-1,#b9dabb,#171e30,10.918,4.5
arcade,review-needs-work,surface-1,#ebce97,#171e30,10.917,4.5
arcade,review-rejected,surface-1,#d8b2c3,#171e30,8.757,4.5
arcade,review-unreviewed,surface-1,#c5cbd3,#171e30,10.165,4.5
arcade,text,surface-2,#f3efe7,#202940,12.606,4.5
arcade,text-muted,surface-2,#c0bcb6,#202940,7.648,4.5
arcade,text-faint,surface-2,#b4b1ad,#202940,6.769,4.5
arcade,status-running,surface-2,#a9ccff,#202940,8.79,4.5
arcade,status-success,surface-2,#a3d9b1,#202940,9.03,4.5
arcade,status-warning,surface-2,#f0cd86,#202940,9.488,4.5
arcade,status-error,surface-2,#f2a3aa,#202940,7.294,4.5
arcade,status-unknown,surface-2,#c4b4e6,#202940,7.585,4.5
arcade,status-neutral,surface-2,#c5cbd3,#202940,8.851,4.5
arcade,status-muted,surface-2,#b6b2ac,#202940,6.852,4.5
arcade,review-keeper,surface-2,#b9dabb,#202940,9.506,4.5
arcade,review-needs-work,surface-2,#ebce97,#202940,9.505,4.5
arcade,review-rejected,surface-2,#d8b2c3,#202940,7.625,4.5
arcade,review-unreviewed,surface-2,#c5cbd3,#202940,8.851,4.5
arcade,text,surface-3,#f3efe7,#2b3347,10.983,4.5
arcade,text-muted,surface-3,#c0bcb6,#2b3347,6.664,4.5
arcade,text-faint,surface-3,#b4b1ad,#2b3347,5.898,4.5
arcade,status-running,surface-3,#a9ccff,#2b3347,7.658,4.5
arcade,status-success,surface-3,#a3d9b1,#2b3347,7.868,4.5
arcade,status-warning,surface-3,#f0cd86,#2b3347,8.266,4.5
arcade,status-error,surface-3,#f2a3aa,#2b3347,6.355,4.5
arcade,status-unknown,surface-3,#c4b4e6,#2b3347,6.609,4.5
arcade,status-neutral,surface-3,#c5cbd3,#2b3347,7.712,4.5
arcade,status-muted,surface-3,#b6b2ac,#2b3347,5.97,4.5
arcade,review-keeper,surface-3,#b9dabb,#2b3347,8.283,4.5
arcade,review-needs-work,surface-3,#ebce97,#2b3347,8.282,4.5
arcade,review-rejected,surface-3,#d8b2c3,#2b3347,6.643,4.5
arcade,review-unreviewed,surface-3,#c5cbd3,#2b3347,7.712,4.5
sakura,text,bg,#f3efe7,#171318,16.024,4.5
sakura,text-muted,bg,#c0bcb6,#171318,9.722,4.5
sakura,text-faint,bg,#b4b1ad,#171318,8.604,4.5
sakura,status-running,bg,#a9ccff,#171318,11.173,4.5
sakura,status-success,bg,#a3d9b1,#171318,11.479,4.5
sakura,status-warning,bg,#f0cd86,#171318,12.06,4.5
sakura,status-error,bg,#f2a3aa,#171318,9.271,4.5
sakura,status-unknown,bg,#c4b4e6,#171318,9.642,4.5
sakura,status-neutral,bg,#c5cbd3,#171318,11.251,4.5
sakura,status-muted,bg,#b6b2ac,#171318,8.709,4.5
sakura,review-keeper,bg,#b9dabb,#171318,12.084,4.5
sakura,review-needs-work,bg,#ebce97,#171318,12.083,4.5
sakura,review-rejected,bg,#d8b2c3,#171318,9.692,4.5
sakura,review-unreviewed,bg,#c5cbd3,#171318,11.251,4.5
sakura,text,surface-1,#f3efe7,#241c25,14.443,4.5
sakura,text-muted,surface-1,#c0bcb6,#241c25,8.763,4.5
sakura,text-faint,surface-1,#b4b1ad,#241c25,7.756,4.5
sakura,status-running,surface-1,#a9ccff,#241c25,10.071,4.5
sakura,status-success,surface-1,#a3d9b1,#241c25,10.346,4.5
sakura,status-warning,surface-1,#f0cd86,#241c25,10.87,4.5
sakura,status-error,surface-1,#f2a3aa,#241c25,8.357,4.5
sakura,status-unknown,surface-1,#c4b4e6,#241c25,8.691,4.5
sakura,status-neutral,surface-1,#c5cbd3,#241c25,10.141,4.5
sakura,status-muted,surface-1,#b6b2ac,#241c25,7.85,4.5
sakura,review-keeper,surface-1,#b9dabb,#241c25,10.892,4.5
sakura,review-needs-work,surface-1,#ebce97,#241c25,10.891,4.5
sakura,review-rejected,surface-1,#d8b2c3,#241c25,8.736,4.5
sakura,review-unreviewed,surface-1,#c5cbd3,#241c25,10.141,4.5
sakura,text,surface-2,#f3efe7,#302632,12.637,4.5
sakura,text-muted,surface-2,#c0bcb6,#302632,7.668,4.5
sakura,text-faint,surface-2,#b4b1ad,#302632,6.786,4.5
sakura,status-running,surface-2,#a9ccff,#302632,8.812,4.5
sakura,status-success,surface-2,#a3d9b1,#302632,9.053,4.5
sakura,status-warning,surface-2,#f0cd86,#302632,9.511,4.5
sakura,status-error,surface-2,#f2a3aa,#302632,7.312,4.5
sakura,status-unknown,surface-2,#c4b4e6,#302632,7.604,4.5
sakura,status-neutral,surface-2,#c5cbd3,#302632,8.873,4.5
sakura,status-muted,surface-2,#b6b2ac,#302632,6.869,4.5
sakura,review-keeper,surface-2,#b9dabb,#302632,9.53,4.5
sakura,review-needs-work,surface-2,#ebce97,#302632,9.529,4.5
sakura,review-rejected,surface-2,#d8b2c3,#302632,7.644,4.5
sakura,review-unreviewed,surface-2,#c5cbd3,#302632,8.873,4.5
sakura,text,surface-3,#f3efe7,#3a303c,10.978,4.5
sakura,text-muted,surface-3,#c0bcb6,#3a303c,6.661,4.5
sakura,text-faint,surface-3,#b4b1ad,#3a303c,5.895,4.5
sakura,status-running,surface-3,#a9ccff,#3a303c,7.655,4.5
sakura,status-success,surface-3,#a3d9b1,#3a303c,7.864,4.5
sakura,status-warning,surface-3,#f0cd86,#3a303c,8.263,4.5
sakura,status-error,surface-3,#f2a3aa,#3a303c,6.352,4.5
sakura,status-unknown,surface-3,#c4b4e6,#3a303c,6.606,4.5
sakura,status-neutral,surface-3,#c5cbd3,#3a303c,7.708,4.5
sakura,status-muted,surface-3,#b6b2ac,#3a303c,5.967,4.5
sakura,review-keeper,surface-3,#b9dabb,#3a303c,8.279,4.5
sakura,review-needs-work,surface-3,#ebce97,#3a303c,8.278,4.5
sakura,review-rejected,surface-3,#d8b2c3,#3a303c,6.641,4.5
sakura,review-unreviewed,surface-3,#c5cbd3,#3a303c,7.708,4.5
retro-anime,text,bg,#f3efe7,#111922,15.44,4.5
retro-anime,text-muted,bg,#c0bcb6,#111922,9.368,4.5
retro-anime,text-faint,bg,#b4b1ad,#111922,8.291,4.5
retro-anime,status-running,bg,#a9ccff,#111922,10.766,4.5
retro-anime,status-success,bg,#a3d9b1,#111922,11.06,4.5
retro-anime,status-warning,bg,#f0cd86,#111922,11.621,4.5
retro-anime,status-error,bg,#f2a3aa,#111922,8.933,4.5
retro-anime,status-unknown,bg,#c4b4e6,#111922,9.29,4.5
retro-anime,status-neutral,bg,#c5cbd3,#111922,10.841,4.5
retro-anime,status-muted,bg,#b6b2ac,#111922,8.392,4.5
retro-anime,review-keeper,bg,#b9dabb,#111922,11.643,4.5
retro-anime,review-needs-work,bg,#ebce97,#111922,11.642,4.5
retro-anime,review-rejected,bg,#d8b2c3,#111922,9.339,4.5
retro-anime,review-unreviewed,bg,#c5cbd3,#111922,10.841,4.5
retro-anime,text,surface-1,#f3efe7,#1b2730,13.274,4.5
retro-anime,text-muted,surface-1,#c0bcb6,#1b2730,8.054,4.5
retro-anime,text-faint,surface-1,#b4b1ad,#1b2730,7.128,4.5
retro-anime,status-running,surface-1,#a9ccff,#1b2730,9.256,4.5
retro-anime,status-success,surface-1,#a3d9b1,#1b2730,9.509,4.5
retro-anime,status-warning,surface-1,#f0cd86,#1b2730,9.991,4.5
retro-anime,status-error,surface-1,#f2a3aa,#1b2730,7.68,4.5
retro-anime,status-unknown,surface-1,#c4b4e6,#1b2730,7.987,4.5
retro-anime,status-neutral,surface-1,#c5cbd3,#1b2730,9.32,4.5
retro-anime,status-muted,surface-1,#b6b2ac,#1b2730,7.215,4.5
retro-anime,review-keeper,surface-1,#b9dabb,#1b2730,10.01,4.5
retro-anime,review-needs-work,surface-1,#ebce97,#1b2730,10.009,4.5
retro-anime,review-rejected,surface-1,#d8b2c3,#1b2730,8.029,4.5
retro-anime,review-unreviewed,surface-1,#c5cbd3,#1b2730,9.32,4.5
retro-anime,text,surface-2,#f3efe7,#25313a,11.596,4.5
retro-anime,text-muted,surface-2,#c0bcb6,#25313a,7.036,4.5
retro-anime,text-faint,surface-2,#b4b1ad,#25313a,6.227,4.5
retro-anime,status-running,surface-2,#a9ccff,#25313a,8.086,4.5
retro-anime,status-success,surface-2,#a3d9b1,#25313a,8.307,4.5
retro-anime,status-warning,surface-2,#f0cd86,#25313a,8.728,4.5
retro-anime,status-error,surface-2,#f2a3aa,#25313a,6.709,4.5
retro-anime,status-unknown,surface-2,#c4b4e6,#25313a,6.978,4.5
retro-anime,status-neutral,surface-2,#c5cbd3,#25313a,8.142,4.5
retro-anime,status-muted,surface-2,#b6b2ac,#25313a,6.303,4.5
retro-anime,review-keeper,surface-2,#b9dabb,#25313a,8.745,4.5
retro-anime,review-needs-work,surface-2,#ebce97,#25313a,8.744,4.5
retro-anime,review-rejected,surface-2,#d8b2c3,#25313a,7.014,4.5
retro-anime,review-unreviewed,surface-2,#c5cbd3,#25313a,8.142,4.5
retro-anime,text,surface-3,#f3efe7,#303d47,9.719,4.5
retro-anime,text-muted,surface-3,#c0bcb6,#303d47,5.897,4.5
retro-anime,text-faint,surface-3,#b4b1ad,#303d47,5.219,4.5
retro-anime,status-running,surface-3,#a9ccff,#303d47,6.777,4.5
retro-anime,status-success,surface-3,#a3d9b1,#303d47,6.962,4.5
retro-anime,status-warning,surface-3,#f0cd86,#303d47,7.315,4.5
retro-anime,status-error,surface-3,#f2a3aa,#303d47,5.623,4.5
retro-anime,status-unknown,surface-3,#c4b4e6,#303d47,5.848,4.5
retro-anime,status-neutral,surface-3,#c5cbd3,#303d47,6.824,4.5
retro-anime,status-muted,surface-3,#b6b2ac,#303d47,5.282,4.5
retro-anime,review-keeper,surface-3,#b9dabb,#303d47,7.329,4.5
retro-anime,review-needs-work,surface-3,#ebce97,#303d47,7.328,4.5
retro-anime,review-rejected,surface-3,#d8b2c3,#303d47,5.878,4.5
retro-anime,review-unreviewed,surface-3,#c5cbd3,#303d47,6.824,4.5
minimal-pro,text,bg,#f3efe7,#151719,15.671,4.5
minimal-pro,text-muted,bg,#c0bcb6,#151719,9.508,4.5
minimal-pro,text-faint,bg,#b4b1ad,#151719,8.415,4.5
minimal-pro,status-running,bg,#a9ccff,#151719,10.927,4.5
minimal-pro,status-success,bg,#a3d9b1,#151719,11.226,4.5
minimal-pro,status-warning,bg,#f0cd86,#151719,11.795,4.5
minimal-pro,status-error,bg,#f2a3aa,#151719,9.067,4.5
minimal-pro,status-unknown,bg,#c4b4e6,#151719,9.43,4.5
minimal-pro,status-neutral,bg,#c5cbd3,#151719,11.003,4.5
minimal-pro,status-muted,bg,#b6b2ac,#151719,8.518,4.5
minimal-pro,review-keeper,bg,#b9dabb,#151719,11.818,4.5
minimal-pro,review-needs-work,bg,#ebce97,#151719,11.817,4.5
minimal-pro,review-rejected,bg,#d8b2c3,#151719,9.479,4.5
minimal-pro,review-unreviewed,bg,#c5cbd3,#151719,11.003,4.5
minimal-pro,text,surface-1,#f3efe7,#212427,13.601,4.5
minimal-pro,text-muted,surface-1,#c0bcb6,#212427,8.252,4.5
minimal-pro,text-faint,surface-1,#b4b1ad,#212427,7.304,4.5
minimal-pro,status-running,surface-1,#a9ccff,#212427,9.484,4.5
minimal-pro,status-success,surface-1,#a3d9b1,#212427,9.743,4.5
minimal-pro,status-warning,surface-1,#f0cd86,#212427,10.237,4.5
minimal-pro,status-error,surface-1,#f2a3aa,#212427,7.869,4.5
minimal-pro,status-unknown,surface-1,#c4b4e6,#212427,8.184,4.5
minimal-pro,status-neutral,surface-1,#c5cbd3,#212427,9.55,4.5
minimal-pro,status-muted,surface-1,#b6b2ac,#212427,7.393,4.5
minimal-pro,review-keeper,surface-1,#b9dabb,#212427,10.257,4.5
minimal-pro,review-needs-work,surface-1,#ebce97,#212427,10.256,4.5
minimal-pro,review-rejected,surface-1,#d8b2c3,#212427,8.227,4.5
minimal-pro,review-unreviewed,surface-1,#c5cbd3,#212427,9.55,4.5
minimal-pro,text,surface-2,#f3efe7,#2b2e31,11.907,4.5
minimal-pro,text-muted,surface-2,#c0bcb6,#2b2e31,7.224,4.5
minimal-pro,text-faint,surface-2,#b4b1ad,#2b2e31,6.394,4.5
minimal-pro,status-running,surface-2,#a9ccff,#2b2e31,8.303,4.5
minimal-pro,status-success,surface-2,#a3d9b1,#2b2e31,8.53,4.5
minimal-pro,status-warning,surface-2,#f0cd86,#2b2e31,8.962,4.5
minimal-pro,status-error,surface-2,#f2a3aa,#2b2e31,6.889,4.5
minimal-pro,status-unknown,surface-2,#c4b4e6,#2b2e31,7.165,4.5
minimal-pro,status-neutral,surface-2,#c5cbd3,#2b2e31,8.36,4.5
minimal-pro,status-muted,surface-2,#b6b2ac,#2b2e31,6.472,4.5
minimal-pro,review-keeper,surface-2,#b9dabb,#2b2e31,8.979,4.5
minimal-pro,review-needs-work,surface-2,#ebce97,#2b2e31,8.979,4.5
minimal-pro,review-rejected,surface-2,#d8b2c3,#2b2e31,7.202,4.5
minimal-pro,review-unreviewed,surface-2,#c5cbd3,#2b2e31,8.36,4.5
minimal-pro,text,surface-3,#f3efe7,#35383b,10.286,4.5
minimal-pro,text-muted,surface-3,#c0bcb6,#35383b,6.241,4.5
minimal-pro,text-faint,surface-3,#b4b1ad,#35383b,5.524,4.5
minimal-pro,status-running,surface-3,#a9ccff,#35383b,7.172,4.5
minimal-pro,status-success,surface-3,#a3d9b1,#35383b,7.368,4.5
minimal-pro,status-warning,surface-3,#f0cd86,#35383b,7.742,4.5
minimal-pro,status-error,surface-3,#f2a3aa,#35383b,5.951,4.5
minimal-pro,status-unknown,surface-3,#c4b4e6,#35383b,6.189,4.5
minimal-pro,status-neutral,surface-3,#c5cbd3,#35383b,7.222,4.5
minimal-pro,status-muted,surface-3,#b6b2ac,#35383b,5.591,4.5
minimal-pro,review-keeper,surface-3,#b9dabb,#35383b,7.757,4.5
minimal-pro,review-needs-work,surface-3,#ebce97,#35383b,7.756,4.5
minimal-pro,review-rejected,surface-3,#d8b2c3,#35383b,6.222,4.5
minimal-pro,review-unreviewed,surface-3,#c5cbd3,#35383b,7.222,4.5
sci-fi-noir,text,bg,#f3efe7,#10171c,15.767,4.5
sci-fi-noir,text-muted,bg,#c0bcb6,#10171c,9.566,4.5
sci-fi-noir,text-faint,bg,#b4b1ad,#10171c,8.467,4.5
sci-fi-noir,status-running,bg,#a9ccff,#10171c,10.994,4.5
sci-fi-noir,status-success,bg,#a3d9b1,#10171c,11.295,4.5
sci-fi-noir,status-warning,bg,#f0cd86,#10171c,11.867,4.5
sci-fi-noir,status-error,bg,#f2a3aa,#10171c,9.123,4.5
sci-fi-noir,status-unknown,bg,#c4b4e6,#10171c,9.487,4.5
sci-fi-noir,status-neutral,bg,#c5cbd3,#10171c,11.071,4.5
sci-fi-noir,status-muted,bg,#b6b2ac,#10171c,8.57,4.5
sci-fi-noir,review-keeper,bg,#b9dabb,#10171c,11.89,4.5
sci-fi-noir,review-needs-work,bg,#ebce97,#10171c,11.889,4.5
sci-fi-noir,review-rejected,bg,#d8b2c3,#10171c,9.537,4.5
sci-fi-noir,review-unreviewed,bg,#c5cbd3,#10171c,11.071,4.5
sci-fi-noir,text,surface-1,#f3efe7,#1b252c,13.588,4.5
sci-fi-noir,text-muted,surface-1,#c0bcb6,#1b252c,8.244,4.5
sci-fi-noir,text-faint,surface-1,#b4b1ad,#1b252c,7.297,4.5
sci-fi-noir,status-running,surface-1,#a9ccff,#1b252c,9.475,4.5
sci-fi-noir,status-success,surface-1,#a3d9b1,#1b252c,9.734,4.5
sci-fi-noir,status-warning,surface-1,#f0cd86,#1b252c,10.227,4.5
sci-fi-noir,status-error,surface-1,#f2a3aa,#1b252c,7.862,4.5
sci-fi-noir,status-unknown,surface-1,#c4b4e6,#1b252c,8.176,4.5
sci-fi-noir,status-neutral,surface-1,#c5cbd3,#1b252c,9.541,4.5
sci-fi-noir,status-muted,surface-1,#b6b2ac,#1b252c,7.386,4.5
sci-fi-noir,review-keeper,surface-1,#b9dabb,#1b252c,10.247,4.5
sci-fi-noir,review-needs-work,surface-1,#ebce97,#1b252c,10.246,4.5
sci-fi-noir,review-rejected,surface-1,#d8b2c3,#1b252c,8.219,4.5
sci-fi-noir,review-unreviewed,surface-1,#c5cbd3,#1b252c,9.541,4.5
sci-fi-noir,text,surface-2,#f3efe7,#27323a,11.419,4.5
sci-fi-noir,text-muted,surface-2,#c0bcb6,#27323a,6.928,4.5
sci-fi-noir,text-faint,surface-2,#b4b1ad,#27323a,6.132,4.5
sci-fi-noir,status-running,surface-2,#a9ccff,#27323a,7.962,4.5
sci-fi-noir,status-success,surface-2,#a3d9b1,#27323a,8.18,4.5
sci-fi-noir,status-warning,surface-2,#f0cd86,#27323a,8.594,4.5
sci-fi-noir,status-error,surface-2,#f2a3aa,#27323a,6.607,4.5
sci-fi-noir,status-unknown,surface-2,#c4b4e6,#27323a,6.871,4.5
sci-fi-noir,status-neutral,surface-2,#c5cbd3,#27323a,8.018,4.5
sci-fi-noir,status-muted,surface-2,#b6b2ac,#27323a,6.207,4.5
sci-fi-noir,review-keeper,surface-2,#b9dabb,#27323a,8.611,4.5
sci-fi-noir,review-needs-work,surface-2,#ebce97,#27323a,8.61,4.5
sci-fi-noir,review-rejected,surface-2,#d8b2c3,#27323a,6.907,4.5
sci-fi-noir,review-unreviewed,surface-2,#c5cbd3,#27323a,8.018,4.5
sci-fi-noir,text,surface-3,#f3efe7,#333d45,9.667,4.5
sci-fi-noir,text-muted,surface-3,#c0bcb6,#333d45,5.865,4.5
sci-fi-noir,text-faint,surface-3,#b4b1ad,#333d45,5.191,4.5
sci-fi-noir,status-running,surface-3,#a9ccff,#333d45,6.741,4.5
sci-fi-noir,status-success,surface-3,#a3d9b1,#333d45,6.925,4.5
sci-fi-noir,status-warning,surface-3,#f0cd86,#333d45,7.276,4.5
sci-fi-noir,status-error,surface-3,#f2a3aa,#333d45,5.593,4.5
sci-fi-noir,status-unknown,surface-3,#c4b4e6,#333d45,5.817,4.5
sci-fi-noir,status-neutral,surface-3,#c5cbd3,#333d45,6.788,4.5
sci-fi-noir,status-muted,surface-3,#b6b2ac,#333d45,5.254,4.5
sci-fi-noir,review-keeper,surface-3,#b9dabb,#333d45,7.29,4.5
sci-fi-noir,review-needs-work,surface-3,#ebce97,#333d45,7.29,4.5
sci-fi-noir,review-rejected,surface-3,#d8b2c3,#333d45,5.847,4.5
sci-fi-noir,review-unreviewed,surface-3,#c5cbd3,#333d45,6.788,4.5
